{
    "_meta": {
        "author": "FreakUK",
        "name": "Plasma Power!",
        "description": "Basic plasma power implementation. Max 30MW output.",
        "date": "2024-06-10",
        "version": "1.0"
    },
    "additions": {
        "elements": {
            "_frk_plasma": {
                "__template": "_base_steam",
                "fuel_fuelValueKJPerL_str": "500",
                "icon_identifier": "frk_plasma",
                "name": "Plasma",
                "pipeContentColor": {
                    "a": 1,
                    "b": 0.404,
                    "g": 0.569,
                    "r": 0.569
                }
            }
        },
        "buildings": {
            "_frk_plasma_generator": {
                "__template": "_base_turbine_i",
                "identifier": "_frk_plasma_generator",
                "fme_lockedElementTemplateIdentifier": "_frk_plasma",
                "burnerGenerator_powerGenertaionRate_kjPerS_str": "30000",
                "burnerGenerator_efficiency_str": "1.1",
                "poleGrid_connectionRange": 30,
                "poleGrid_maxConnections": 2,
                "prefabOnDisk": {
                    "Steam_turbine_ow5mUD": {
                        "__materials": {
                            "0": {
                                "_Color": {
                                    "r": 1,
                                    "g": 1,
                                    "b": 1,
                                    "a": 1
                                },
                                "_MainTex": "frk_plasma_1"
                            }
                        },
                        "Steam_turbine_02": {
                            "__materials": {
                                "0": {
                                    "_Color": {
                                        "r": 1,
                                        "g": 1,
                                        "b": 1,
                                        "a": 1
                                    },
                                    "_MainTex": "frk_plasma_2"
                                }
                            }
                        },
                        "Steam_turbine_03": {
                            "__materials": {
                                "0": {
                                    "_Color": {
                                        "r": 1,
                                        "g": 1,
                                        "b": 1,
                                        "a": 1
                                    },
                                    "_MainTex": "frk_plasma_3"
                                }
                            },
                            "Glass": {
                                "__materials": {
                                    "0": {
                                        "_MainTex": null,
                                        "_Color": {
                                            "r": 0.4481131,
                                            "g": 0.8466571,
                                            "b": 1,
                                            "a": 0.2
                                        },
                                        "_Metallic": 0.166,
                                        "_Smoothness": 0.829
                                    }
                                }
                            }
                        },
                        "Steam_turbine_04": {
                            "__materials": {
                                "0": {
                                    "_Color": {
                                        "r": 1,
                                        "g": 1,
                                        "b": 1,
                                        "a": 1
                                    },
                                    "_MainTex": "frk_plasma_4"
                                }
                            }
                        },
                        "Turbine": {
                            "__materials": {
                                "0": {
                                    "_Color": {
                                        "r": 1,
                                        "g": 1,
                                        "b": 1,
                                        "a": 1
                                    },
                                    "_MainTex": "frk_plasma_1"
                                }
                            }
                        }
                    },
                    "Powerline Connector XL": {
                        "__materials": {
                            "0": {
                                "_Color": {
                                    "r": 1,
                                    "g": 1,
                                    "b": 1,
                                    "a": 1
                                },
                                "_MainTex": "Power_pole_small_dif",
                                "_Cutoff": 0.5,
                                "_Glossiness": 0,
                                "_GlossMapScale": 1,
                                "_SmoothnessTextureChannel": 0,
                                "_Metallic": 0,
                                "_MetallicGlossMap": null,
                                "_SpecularHighlights": 1,
                                "_GlossyReflections": 1,
                                "_BumpScale": 1,
                                "_BumpMap": null,
                                "_Parallax": 0.02,
                                "_ParallaxMap": null,
                                "_OcclusionStrength": 1,
                                "_OcclusionMap": null,
                                "_EmissionColor": {
                                    "r": 1,
                                    "g": 1,
                                    "b": 1,
                                    "a": 1
                                },
                                "_EmissionMap": "Power_pole_small_emit",
                                "_DetailMask": null,
                                "_DetailAlbedoMap": null,
                                "_DetailNormalMapScale": 1,
                                "_DetailNormalMap": null,
                                "_UVSec": 0,
                                "_Mode": 0,
                                "_SrcBlend": 1,
                                "_DstBlend": 0,
                                "_ZWrite": 1
                            }
                        }
                    },
                    "FilterControlPanel_IOFluidBox_NoButton": {
                        "Filter_control_panel_03": {
                            "__materials": {
                                "0": {
                                    "_Color": {
                                        "r": 0.066,
                                        "g": 0.621,
                                        "b": 0.233,
                                        "a": 1
                                    },
                                    "_MainTex": "Filter_control_panel_diff_v2",
                                    "_Cutoff": 0.5,
                                    "_Glossiness": 0,
                                    "_GlossMapScale": 1,
                                    "_SmoothnessTextureChannel": 0,
                                    "_Metallic": 0,
                                    "_MetallicGlossMap": null,
                                    "_SpecularHighlights": 1,
                                    "_GlossyReflections": 1,
                                    "_BumpScale": 1,
                                    "_BumpMap": null,
                                    "_Parallax": 0.02,
                                    "_ParallaxMap": null,
                                    "_OcclusionStrength": 1,
                                    "_OcclusionMap": null,
                                    "_EmissionColor": {
                                        "r": 0,
                                        "g": 0,
                                        "b": 0,
                                        "a": 1
                                    },
                                    "_EmissionMap": null,
                                    "_DetailMask": null,
                                    "_DetailAlbedoMap": null,
                                    "_DetailNormalMapScale": 1,
                                    "_DetailNormalMap": null,
                                    "_UVSec": 0,
                                    "_Mode": 0,
                                    "_SrcBlend": 1,
                                    "_DstBlend": 0,
                                    "_ZWrite": 1
                                }
                            }
                        }
                    },
                    "pipe_loader": {
                        "__materials": {
                            "0": {
                                "_Color": {
                                    "r": 0.8,
                                    "g": 0.8,
                                    "b": 0.8,
                                    "a": 1
                                },
                                "_VisualVariations": 0,
                                "_MainTex": "pipes_dif",
                                "_SurfaceMode": 0,
                                "_PackedSurfaceProperties": null,
                                "_Translucency": 1,
                                "_SupportsFoundryInstancing": 1,
                                "_SupportsFoundryDithering": 1
                            }
                        }
                    }
                },
                "fbm_ioFluidBoxes": [
                    {
                        "type": "FuelMgrInput",
                        "transferSpeedType": "AlwaysMax",
                        "isInput": true,
                        "capacity_l": 1000,
                        "transferRatePerSecond_l": 1000,
                        "fixedElementTemplateIdentifier": "_frk_plasma",
                        "connectors": [
                            {
                                "groupIdentifier": "_base_pipe",
                                "localOffset_origin": {
                                    "x": 0,
                                    "y": 0,
                                    "z": 2
                                },
                                "localOffset_target": {
                                    "x": -1,
                                    "y": 0,
                                    "z": 2
                                }
                            }
                        ]
                    }
                ]
            }
        },
        "items": {
            "_frk_plasma_generator": {
                "__template": "_base_turbine_i",
                "name": "Plasma Generator",
                "icon_identifier": "frk_plasma_generator",
                "buildableObjectIdentifer": "_frk_plasma_generator",
                "stackSize": 10
            }
        },
        "recipes": {
            "_frk_plasma": {
                "__template": "_base_olumic_acid",
                "name": "Plasma",
                "identifier": "_frk_plasma",
                "icon_identifier": "frk_plasma",
                "tags": [
                    "chemical_processor"
                ],
                "input_data": {
                    "_base_ore_telluxite": {
                        "amount": 10,
                        "percentage_str": "1"
                    }
                },
                "output_data": {
                },
                "inputElemental_data": {
                    "_base_ldo": {
                        "amount_str": 100
                    },
                    "_base_water": {
                        "amount_str": 100
                    }
                },
                "outputElemental_data": {
                    "_frk_plasma": {
                        "amount_str": 6400
                    }
                },
                "timeMs": 100
            },
            "_frk_plasma_generator": {
                "__template": "_base_turbine_i",
                "name": "Plasma Generator",
                "icon_identifier": "frk_plasma_generator",
                "relatedItemTemplateIdentifier": "_frk_plasma_generator",
                "input_data": {
                    "_base_pipe": {
                        "amount": 10,
                        "percentage_str": "1"
                    },
                    "_base_eic_ii": {
                        "amount": 10,
                        "percentage_str": "1"
                    },
                    "_base_xf_steel_beams": {
                        "amount": 40,
                        "percentage_str": "1"
                    },
                    "_base_mic_ii": {
                        "amount": 20,
                        "percentage_str": "1"
                    },
                    "_base_glass": {
                        "amount": 5,
                        "percentage_str": "1"
                    }
                },
                "output_data": {
                    "_frk_plasma_generator": {
                        "amount": 1,
                        "percentage_str": "1"
                    }
                },
                "timeMs": 10000
            }
        },
        "research": {
            "_frk_plasma": {
                "__template": "_base_glass",
                "name": "Plasma Power",
                "icon_identifier": "frk_plasma",
                "description": "Unlocks Plasma, and allows its use for power generation.",
                "input_data": {
                    "_base_science_pack_i": {
                        "amount": 100
                    },
                    "_base_science_pack_ii": {
                        "amount": 100
                    },
                    "_base_science_pack_iii": {
                        "amount": 100
                    }
                },
                "list_researchDependencies_str": [
                    "_base_basic_steelmaking",
                    "_base_circuit_board",
                    "_base_glass",
                    "_base_high_voltage_energy"
                ],
                "list_craftingUnlocks_str": [
                    "_frk_plasma",
                    "_frk_plasma_generator"
                ]
            }
        }
    }
}