{
    "_meta": {
        "author": "FreakUK",
        "name": "FRK_Freight_Elevators",
        "description": "Doubles the throughput speed of the freight elevators; Adds the recipe for tier 3 freight elevators; Adds a tier 4 freight elevator (with the doubled speed already applied); Alters the existing recipe(s) to create 2 elevators (which makes more sense, as 2 are needed for it to be functional!), and changes research requirements for Freight elevators.",
        "date": "2024-06-17",
        "version": "2.5"
    },
    "changes": {
        "buildings": {
            "_base_freight_elevator*": {
                "freightContainer_speedPerTick": "{[value]*2}",
                "conveyor_speed_slotsPerTick": "{[value]*2}"
            }
        },
        "recipes": {
            "_base_freight_elevator_i": {
                "input_data": {
                    "_base_xenoferrite_plates": {
                        "amount": 25,
                        "percentage_str": "1"
                    },
                    "_base_xf_steel_beams": {
                        "amount": 25,
                        "percentage_str": "1"
                    },
                    "_base_mic_ii": {
                        "amount": 10,
                        "percentage_str": "1"
                    }
                },
                "output_data": {
                    "_base_freight_elevator_i": {
                        "amount": 2,
                        "percentage_str": "1"
                    }
                },
                "extraInfoTooltipText": "Supports 4 tier 1, or 2 tier 2 belts"
            },
            "_base_freight_elevator_ii": {
                "input_data": {
                    "_base_freight_elevator_i": {
                        "amount": 2,
                        "percentage_str": "1"
                    },
                    "_base_mic_ii": {
                        "amount": 10,
                        "percentage_str": "1"
                    },
                    "_base_eic_ii": {
                        "amount": 10,
                        "percentage_str": "1"
                    }
                },
                "output_data": {
                    "_base_freight_elevator_ii": {
                        "amount": 2,
                        "percentage_str": "1"
                    }
                },
                "extraInfoTooltipText": "Supports 4 tier 2, or 2 tier 3 belts"
            }
        },
        "research": {
            "_base_freight_elevator_i": {
                "input_data": {
                    "_base_science_pack_i": {
                        "amount": 50
                    },
                    "_base_science_pack_ii": {
                        "amount": 50
                    }
                },
                "list_researchDependencies_str": [
                    "_base_conveyor_ii"
                ],
                "list_craftingUnlocks_str": [
                    "_base_freight_elevator_i"
                ]
            },
            "_base_freight_elevator_ii": {
                "input_data": {
                    "_base_science_pack_i": {
                        "amount": 100
                    },
                    "_base_science_pack_ii": {
                        "amount": 100
                    },
                    "_base_science_pack_iii": {
                        "amount": 100
                    }
                },
                "list_researchDependencies_str": [
                    "_base_freight_elevator_i",
                    "_base_conveyor_iii"
                ],
                "list_craftingUnlocks_str": [
                    "_base_freight_elevator_ii"
                ]
            }
        }
    },
    "additions": {
        "recipes": {
            "_frk_freight_elevator_iii": {
                "__template": "_base_freight_elevator_i",
                "name": "Freight Elevator III",
                "icon_identifier": "freight_elevator_iii",
                "input_data": {
                    "_base_freight_elevator_ii": {
                        "amount": 2,
                        "percentage_str": "1"
                    },
                    "_base_mic_ii": {
                        "amount": 10,
                        "percentage_str": "1"
                    },
                    "_base_eic_ii": {
                        "amount": 10,
                        "percentage_str": "1"
                    },
                    "_base_xf_steel_beams": {
                        "amount": 10,
                        "percentage_str": "1"
                    }
                },
                "output_data": {
                    "_base_freight_elevator_iii": {
                        "amount": 2,
                        "percentage_str": "1"
                    }
                },
                "inputElemental_data": {
                },
                "outputElemental_data": {
                },
                "relatedItemTemplateIdentifier": "_base_freight_elevator_iii",
                "sortingOrderWithinRowGroup": 552,
                "extraInfoTooltipText": "Supports 4 tier 3, or 2 tier 4 belts"
            },
            "_frk_freight_elevator_iv": {
                "__template": "_base_freight_elevator_i",
                "name": "Freight Elevator IV",
                "icon_identifier": "frk_freight_elevator_iv",
                "input_data": {
                    "_base_freight_elevator_iii": {
                        "amount": 2,
                        "percentage_str": "1"
                    },
                    "_base_mic_ii": {
                        "amount": 10,
                        "percentage_str": "1"
                    },
                    "_base_eic_ii": {
                        "amount": 10,
                        "percentage_str": "1"
                    },
                    "_base_xf_steel_beams": {
                        "amount": 10,
                        "percentage_str": "1"
                    }
                },
                "output_data": {
                    "_frk_freight_elevator_iv": {
                        "amount": 2,
                        "percentage_str": "1"
                    }
                },
                "inputElemental_data": {
                },
                "outputElemental_data": {
                },
                "relatedItemTemplateIdentifier": "_frk_freight_elevator_iv",
                "sortingOrderWithinRowGroup": 553,
                "extraInfoTooltipText": "Supports 4 tier 4 belts"
            }
        },
        "items": {
            "_frk_freight_elevator_iv": {
                "__template": "_base_freight_elevator_i",
                "identifier": "_frk_freight_elevator_iv",
                "name": "Freight Elevator IV",
                "icon_identifier": "frk_freight_elevator_iv",
                "flags": "BUILDABLE_OBJECT",
                "toggleableModeType": "MultipleBuildings",
                "toggleableModes": {
                    "_frk_freight_elevator_iv_bottom": {
                        "name": "Freight Elevator Bottom",
                        "icon_identifier": "freight_elevator_bottom",
                        "isDefault": false
                    },
                    "_frk_freight_elevator_iv_top": {
                        "name": "Freight Elevator Top",
                        "icon_identifier": "freight_elevator_top",
                        "isDefault": false
                    }
                },
                "buildableObjectIdentifer": "_frk_freight_elevator_iv_bottom"
            }
        },
        "buildings": {
            "_frk_freight_elevator_iv_bottom": {
                "__template": "_base_freight_elevator_i_bottom",
                "identifier": "_frk_freight_elevator_iv_bottom",
                "prefabOnDisk": {
                    "__materials": {
                        "0": {
                            "_Color": {
                                "r": 1,
                                "g": 1,
                                "b": 1,
                                "a": 1
                            },
                            "_MainTex": "frk_freight_elevator_iv"
                        }
                    }
                },
                "freightElevator_middlePartGOH1": {
                    "__materials": {
                        "0": {
                            "_Color": {
                                "r": 1,
                                "g": 1,
                                "b": 1,
                                "a": 1
                            },
                            "_MainTex": "frk_freight_elevator_iv"
                        }
                    }
                },
                "freightElevator_middlePartGOH2": {
                    "__materials": {
                        "0": {
                            "_Color": {
                                "r": 1,
                                "g": 1,
                                "b": 1,
                                "a": 1
                            },
                            "_MainTex": "frk_freight_elevator_iv"
                        }
                    }
                },
                "freightElevator_tierID": 4,
                "freightContainer_speedPerTick": 16,
                "conveyor_speed_slotsPerTick": 16
            },
            "_frk_freight_elevator_iv_top": {
                "__template": "_base_freight_elevator_i_top",
                "identifier": "_frk_freight_elevator_iv_top",
                "prefabOnDisk": {
                    "__materials": {
                        "0": {
                            "_Color": {
                                "r": 1,
                                "g": 1,
                                "b": 1,
                                "a": 1
                            },
                            "_MainTex": "frk_freight_elevator_iv"
                        }
                    }
                },
                "freightElevator_middlePartGOH1": {
                    "__materials": {
                        "0": {
                            "_Color": {
                                "r": 1,
                                "g": 1,
                                "b": 1,
                                "a": 1
                            },
                            "_MainTex": "frk_freight_elevator_iv"
                        }
                    }
                },
                "freightElevator_middlePartGOH2": {
                    "__materials": {
                        "0": {
                            "_Color": {
                                "r": 1,
                                "g": 1,
                                "b": 1,
                                "a": 1
                            },
                            "_MainTex": "frk_freight_elevator_iv"
                        }
                    }
                },
                "freightElevator_tierID": 4,
                "freightContainer_speedPerTick": 16,
                "conveyor_speed_slotsPerTick": 16
            }
        },
        "research": {
            "_frk_freight_elevator_iii": {
                "__template": "_base_freight_elevator_i",
                "name": "Freight Elevator III",
                "icon_identifier": "freight_elevator_iii",
                "description": "A freight elevator that can be connected to belts (via loaders) to make transporting items along the vertical direction easier. \n\nThroughput: 2560 Items/min",
                "input_data": {
                    "_base_science_pack_i": {
                        "amount": 150
                    },
                    "_base_science_pack_ii": {
                        "amount": 150
                    },
                    "_base_science_pack_iii": {
                        "amount": 150
                    },
                    "_base_science_pack_iv": {
                        "amount": 150
                    }
                },
                "list_researchDependencies_str": [
                    "_base_freight_elevator_ii",
                    "_base_science_pack_iv"
                ],
                "list_craftingUnlocks_str": [
                    "_frk_freight_elevator_iii"
                ]
            },
            "_frk_freight_elevator_iv": {
                "__template": "_base_freight_elevator_i",
                "name": "Freight Elevator IV",
                "icon_identifier": "frk_freight_elevator_iv",
                "description": "A freight elevator that can be connected to belts (via loaders) to make transporting items along the vertical direction easier. \n\nThroughput: 5120 Items/min",
                "input_data": {
                    "_base_science_pack_i": {
                        "amount": 200
                    },
                    "_base_science_pack_ii": {
                        "amount": 200
                    },
                    "_base_science_pack_iii": {
                        "amount": 200
                    },
                    "_base_science_pack_iv": {
                        "amount": 200
                    },
                    "_base_science_pack_v": {
                        "amount": 200
                    }
                },
                "list_researchDependencies_str": [
                    "_frk_freight_elevator_iii",
                    "_base_science_pack_v"
                ],
                "list_craftingUnlocks_str": [
                    "_frk_freight_elevator_iv"
                ]
            }
        }
    }
}