{
    "_meta": {
        "author": "FreakUK",
        "name": "MK 4 Logistics",
        "description": "MK IV belts, ramps, and balancers. Incorporates erkle's directional belt texture.",
        "date": "2024-06-18",
        "version": "2.5"
    },
    "additions": {
        "buildings": {
            "_frk_conveyor_iv": {
                "__template": "_base_conveyor_i",
                "name": "Conveyor IV",
                "identifier": "_frk_conveyor_iv",
                "__conveyorTexture": "belt_white_arrow_down",
                "__conveyorTextureSpeed": 1280,
                "__conveyorEmissionTexture": "convey_emit_arrow_down",
                "__conveyorEmissionColour": {
                    "r": 0,
                    "g": 0,
                    "b": 1,
                    "a": 1
                },
                "conveyor_speed_slotsPerTick": 16
            },
            "_frk_conveyor_slope_iv": {
                "__template": "_base_conveyor_slope_i",
                "name": "Conveyor Slope IV",
                "identifier": "_frk_conveyor_slope_iv",
                "__conveyorTexture": "belt_white_arrow_up",
                "__conveyorTextureSpeed": 1280,
                "__conveyorEmissionTexture": "convey_emit_arrow_up",
                "__conveyorEmissionColour": {
                    "r": 0,
                    "g": 0,
                    "b": 1,
                    "a": 1
                },
                "conveyor_speed_slotsPerTick": 16,
                "conveyor_slopePartner_str": "_frk_conveyor_iv",
            },
            "_frk_conveyor_slope_iv_down": {
                "__template": "_base_conveyor_slope_i_down",
                "name": "Conveyor Slope IV",
                "identifier": "_frk_conveyor_slope_iv_down",
                "__conveyorTexture": "belt_white_arrow_down",
                "__conveyorTextureSpeed": 1280,
                "__conveyorEmissionTexture": "convey_emit_arrow_down",
                "__conveyorEmissionColour": {
                    "r": 0,
                    "g": 0,
                    "b": 1,
                    "a": 1
                },
                "conveyor_speed_slotsPerTick": 16
                "conveyor_slopePartner_str": "_frk_conveyor_iv",
            },
            "_frk_conveyor_balancer_iv": {
                "__template": "_base_conveyor_balancer_i",
                "name": "Conveyor Balancer IV",
                "identifier": "_frk_conveyor_balancer_iv",
                "__conveyorTexture": "belt_white_arrow_down",
                "__conveyorTextureSpeed": 1280,
                "__conveyorEmissionTexture": "convey_emit_arrow_down",
                "__conveyorEmissionColour": {
                    "r": 0,
                    "g": 0,
                    "b": 1,
                    "a": 1
                },
                "conveyor_speed_slotsPerTick": 16
            }
        },
        "items": {
            "_frk_conveyor_iv": {
                "__template": "_base_conveyor_i",
                "name": "Conveyor IV",
                "icon_identifier": "frk_conveyor_iv",
                "buildableObjectIdentifer": "_frk_conveyor_iv"
            },
            "_frk_conveyor_slope_iv": {
                "__template": "_base_conveyor_slope_i",
                "name": "Conveyor Slope IV",
                "icon_identifier": "frk_conveyor_slope_iv",
                "buildableObjectIdentifer": "_frk_conveyor_slope_iv",
                "toggleableModeType": "MultipleBuildings",
                "toggleableModes": {
                    "_frk_conveyor_slope_iv": {
                        "name": "Slope Up",
                        "icon_identifier": "icons8-slide-up-100",
                        "isDefault": false
                    },
                    "_frk_conveyor_slope_iv_down": {
                        "name": "Slope Down",
                        "icon_identifier": "icons8-down-button-100",
                        "isDefault": false
                    }
                }
            },
            "_frk_conveyor_balancer_iv": {
                "__template": "_base_conveyor_balancer_i",
                "name": "Conveyor Balancer IV",
                "icon_identifier": "frk_conveyor_balancer_iv",
                "buildableObjectIdentifer": "_frk_conveyor_balancer_iv"
            }
        },
        "recipes": {
            "_frk_conveyor_iv": {
                "__template": "_base_conveyor_i",
                "name": "Conveyor IV",
                "icon_identifier": "frk_conveyor_iv",
                "input_data": {
                    "_base_conveyor_iii": {
                        "amount": 2,
                        "percentage_str": "1"
                    },
                    "_base_mic_ii": {
                        "amount": 1,
                        "percentage_str": "1"
                    },
                    "_base_eic_ii": {
                        "amount": 1,
                        "percentage_str": "1"
                    }
                },
                "output_data": {
                    "_frk_conveyor_iv": {
                        "amount": 2,
                        "percentage_str": "1"
                    }
                },
                "relatedItemTemplateIdentifier": "_frk_conveyor_iv",
                "sortingOrderWithinRowGroup": 103
            },
            "_frk_conveyor_slope_iv": {
                "__template": "_base_conveyor_slope_i",
                "name": "Conveyor Slope IV",
                "icon_identifier": "frk_conveyor_slope_iv",
                "input_data": {
                    "_base_conveyor_slope_iii": {
                        "amount": 1,
                        "percentage_str": "1"
                    },
                    "_base_mic_ii": {
                        "amount": 1,
                        "percentage_str": "1"
                    },
                    "_base_eic_ii": {
                        "amount": 1,
                        "percentage_str": "1"
                    }
                },
                "output_data": {
                    "_frk_conveyor_slope_iv": {
                        "amount": 1,
                        "percentage_str": "1"
                    }
                },
                "relatedItemTemplateIdentifier": "_frk_conveyor_slope_iv",
                "sortingOrderWithinRowGroup": 203
            },
            "_frk_conveyor_balancer_iv": {
                "__template": "_base_conveyor_balancer_i",
                "name": "Conveyor Balancer IV",
                "icon_identifier": "frk_conveyor_balancer_iv",
                "input_data": {
                    "_base_conveyor_balancer_iii": {
                        "amount": 1,
                        "percentage_str": "1"
                    },
                    "_base_mic_ii": {
                        "amount": 2,
                        "percentage_str": "1"
                    },
                    "_base_eic_ii": {
                        "amount": 1,
                        "percentage_str": "1"
                    }
                },
                "output_data": {
                    "_frk_conveyor_balancer_iv": {
                        "amount": 1,
                        "percentage_str": "1"
                    }
                },
                "relatedItemTemplateIdentifier": "_frk_conveyor_balancer_iv",
                "sortingOrderWithinRowGroup": 303
            }
        }
        "research": {
            "_frk_conveyor_iv": {
                "__template": "_base_conveyor_i",
                "name": "Conveyor IV",
                "icon_identifier": "frk_conveyor_iv",
                "description": "Unlocks even faster belts. \n\nThroughput: 1280 Items/min",
                "input_data": {
                    "_base_science_pack_i": {
                        "amount": 150
                    },
                    "_base_science_pack_ii": {
                        "amount": 150
                    },
                    "_base_science_pack_iii": {
                        "amount": 150
                    },
                    "_base_science_pack_iv": {
                        "amount": 150
                    },
                    "_base_science_pack_v": {
                        "amount": 150
                    }
                },
                "list_researchDependencies_str": [
                    "_base_conveyor_iii",
                    "_base_science_pack_v"
                ],
                "list_craftingUnlocks_str": [
                    "_frk_conveyor_iv",
                    "_frk_conveyor_slope_iv"
                ]
            },
            "_frk_conveyor_balancer_iv": {
                "__template": "_base_conveyor_balancer_i",
                "name": "Conveyor Balancer IV",
                "icon_identifier": "frk_conveyor_balancer_iv",
                "description": "Allows to split or merge two conveyor lanes with faster belts.",
                "input_data": {
                    "_base_science_pack_i": {
                        "amount": 100
                    },
                    "_base_science_pack_ii": {
                        "amount": 100
                    },
                    "_base_science_pack_iii": {
                        "amount": 100
                    },
                    "_base_science_pack_iv": {
                        "amount": 100
                    },
                    "_base_science_pack_v": {
                        "amount": 100
                    }
                },
                "list_researchDependencies_str": [
                    "_frk_conveyor_iv"
                ],
                "list_craftingUnlocks_str": [
                    "_frk_conveyor_balancer_iv"
                ]
            }
        }
    }
}
