{
    "_meta": {
        "author": "FreakUK",
        "name": "FRK Charcoal",
        "description": "Adds charcoal to the game, allowing biomass to be 'upgraded' to be viable a little longer",
        "date": "2024-06-14",
        "version": "1.0"
    },
    "additions": {
        "items": {
            "_frk_charcoal": {
                "__template": "_base_dirt",
                "name": "Charcoal",
                "icon_identifier": "frk_charcoal",
                "__conveyorItemTexture": "frk_texture_charcoal",
                "creativeModeCategory_str": "_base_cmct_resources",
                "flags": "BURNABLE",
                "burnable_fuelValueKJ_str": "12500",
                "buildableObjectIdentifer":"",
                "autoProducerRecipes": [
                    {
                        "craftingTagIdentifier": "smelter",
                        "recipeIdentifier": "_frk_charcoal"
                    },
                    {
                        "craftingTagIdentifier": "advanced_smelter",
                        "recipeIdentifier": "_frk_charcoal"
                    }
                ]
            }
        },
        "recipes": {
            "_frk_charcoal": {
                "__template": "_base_xf_plates_t1",
                "name": "Charcoal",
                "icon_identifier": "frk_charcoal",
                "input_data": {
                    "_base_biomass": {
                        "amount": 2,
                        "percentage_str": "1"
                    }
                },
                "output_data": {
                    "_frk_charcoal": {
                        "amount": 1,
                        "percentage_str": "1"
                    }
                },
                "timeMs": 2000,
                "tags": [
                    "smelter",
                    "advanced_smelter"
                ]
            }
        },
        "research": {
        }
    },
    "changes": {
        "buildings": {
            "_base_biomass_burner": {
                "lvgGenerator_lockedItemTemplate_identifier": ""
            }
        },
        "items": {
            "_base_biomass": {
                "autoProducerRecipes": [
                    {
                        "craftingTagIdentifier": "smelter",
                        "recipeIdentifier": "_frk_charcoal"
                    },
                    {
                        "craftingTagIdentifier": "advanced_smelter",
                        "recipeIdentifier": "_frk_charcoal"
                    }
                ]
            }
        }
    }
}