{
    "_meta": {
        "author": "FreakUK",
        "name": "FRK Useful Terrain 2",
        "description": "Makes the in-game terrain blocks that you gather useable, instead of just clogging your inventory. Incorporates the 'Organic Olumite', 'Craftable Terrain', and 'Terrain Speed' mods, so you no longer need those.",
        "date": "2024-06-18",
        "version": "3.0"
    },
    "additions": {
        "elements": {
            "_frk_dirty_water": {
                "__template": "_base_water",
                "flags": "0",
                "fuel_flags": "0",
                "fuel_fuelValueKJPerL_str": "",
                "fuel_minViableVolumeL": 1,
                "fuel_residualAmountPerL": 0,
                "fuel_residualTemplate_identifier": "",
                "icon_identifier": "dirty_water",
                "name": "Dirty Water",
                "pipeContentColor": {
                    "a": 1,
                    "b": 0.004,
                    "g": 0.247,
                    "r": 0.482
                },
                "pipeContentType": 2
            }
        },
        "recipes": {
            "_frk_stone_gravel": {
                "__template": "_base_gravel",
                "name": "Stone Gravel",
                "icon_identifier": "gravel",
                "input_data": {
                    "_base_stone": {
                        "amount": 1,
                        "percentage_str": "1"
                    }
                },
                "output_data": {
                    "_base_gravel": {
                        "amount": 5,
                        "percentage_str": "1"
                    }
                },
                "timeMs": 6000,
                "extraInfoTooltipText": "Make gravel from stone"
            },
            "_frk_rocky_dirt_processing": {
                "__template": "_base_gravel",
                "name": "Rocky Dirt Processing",
                "icon_identifier": "rocky_desert_dirt",
                "input_data": {
                    "_base_rocky_desert_dirt": {
                        "amount": 3,
                        "percentage_str": "1"
                    }
                },
                "output_data": {
                    "_base_stone": {
                        "amount": 1,
                        "percentage_str": "1"
                    },
                    "_base_dirt": {
                        "amount": 1,
                        "percentage_str": 1
                    }
                },
                "timeMs": 4000,
                "extraInfoTooltipText": "Crush Rocky dirt to get stone and dirt"
            },
            "_frk_terrain_biomass": {
                "__template": "_base_gravel",
                "name": "Organic Biomass (Dirt)",
                "icon_identifier": "biomass",
                "input_data": {
                    "_base_dirt": {
                        "amount": 5,
                        "percentage_str": "1"
                    }
                },
                "output_data": {
                    "_base_biomass": {
                        "amount": 50,
                        "percentage_str": "1"
                    }
                },
                "inputElemental_data": {
                    "_base_water": {
                        "amount_str": "50"
                    }
                },
                "outputElemental_data": {
                    "_frk_dirty_water": {
                        "amount_str": "45"
                    }
                },
                "timeMs": 2000,
                "extraInfoTooltipText": "Uses water to wash residual biomass out of dirt",
                "tags": [
                    "greenhouse"
                ]
            },
            "_frk_terrain_biomass_tropical": {
                "__template": "_base_gravel",
                "name": "Organic Biomass (Tropical Dirt)",
                "icon_identifier": "biomass",
                "input_data": {
                    "_base_tropical_rainforest_dirt": {
                        "amount": 5,
                        "percentage_str": "1"
                    }
                },
                "output_data": {
                    "_base_biomass": {
                        "amount": 100,
                        "percentage_str": "1"
                    }
                },
                "inputElemental_data": {
                    "_base_water": {
                        "amount_str": "50"
                    }
                },
                "outputElemental_data": {
                    "_frk_dirty_water": {
                        "amount_str": "45"
                    }
                },
                "timeMs": 2000,
                "extraInfoTooltipText": "Uses water to wash residual biomass out of dirt",
                "tags": [
                    "greenhouse"
                ]
            },
            "_frk_portable_dirty_water": {
                "name": "Portable Dirty Water",
                "inputElemental_data": {
                    "_frk_dirty_water": {
                        "amount_str": "100"
                    }
                },
                "icon_identifier": "frk_portable_dirty_water",
                "output_data": {
                    "_portable_dirty_water": {
                        "amount": 1,
                        "percentage_str": "1"
                    }
                },
                "timeMs": 1000,
                "__template": "_base_portable_fuel"
            },
            "_frk_portable_dirty_water_empty": {
                "name": "Unbarreling Dirty Water",
                "icon_identifier": "frk_dirty_water",
                "input_data": {
                    "_portable_dirty_water": {
                        "amount": 1,
                        "percentage_str": "1"
                    }
                },
                "output_data": {
                    "_base_xenoferrite_plates": {
                        "amount": 1,
                        "percentage_str": "1"
                    }
                },
                "inputElemental_data": {},
                "outputElemental_data": {
                    "_frk_dirty_water": {
                        "amount_str": "100"
                    }
                },
                "timeMs": 100,
                "__template": "_base_fracking_liquid_i"
            },
            "_frk_organic_olumite": {
                "__template": "_base_paint",
                "category_identifier": "_base_components",
                "rowGroup_identifier": "_base_components_liquids",
                "name": "Organic Olumite",
                "icon_identifier": "frk_organic_olumite",
                "input_data": {
                    "_base_biomass": {
                        "amount": 5,
                        "percentage_str": "1"
                    }
                },
                "output_data": {
                    "_base_sand": {
                        "amount": 1,
                        "percentage_str": "1"
                    }
                },
                "inputElemental_data": {
                    "_base_water": {
                        "amount_str": "50"
                    }
                },
                "outputElemental_data": {
                    "_base_olumite": {
                        "amount_str": "50"
                    },
                    "_frk_dirty_water": {
                        "amount_str": "45"
                    }
                },
                "relatedItemTemplateIdentifier": "_base_biomass",
                "timeMs": 2500,
                "extraInfoTooltipText": "Uses water to wash residual olumite out of biomass",
                "tags": [
                    "greenhouse"
                ]
            },
            "_frk_fine_sand": {
                "__template": "_base_gravel",
                "name": "Refined Sand (Mineral)",
                "icon_identifier": "sand",
                "input_data": {
                    "_base_ore_mineral_rock": {
                        "amount": 3,
                        "percentage_str": "1"
                    }
                },
                "output_data": {
                    "_base_sand": {
                        "amount": 1,
                        "percentage_str": "1"
                    }
                },
                "timeMs": 3000,
                "tags": [
                    "crusher"
                ],
                "extraInfoTooltipText": "Make sand from Mineral Rock"
            },
            "_frk_fine_sand_2": {
                "__template": "_base_gravel",
                "name": "Refined Sand (Gravel)",
                "icon_identifier": "sand",
                "input_data": {
                    "_base_gravel": {
                        "amount": 5,
                        "percentage_str": "1"
                    }
                },
                "output_data": {
                    "_base_sand": {
                        "amount": 10,
                        "percentage_str": "1"
                    }
                },
                "inputElemental_data": {
                    "_base_water": {
                        "amount_str": "10.0"
                    }
                },
                "timeMs": 12000,
                "tags": [
                    "casting_machine"
                ],
                "extraInfoTooltipText": "Make sand from gravel and water"
            },
            "_frk_silica": {
                "__template": "_base_cement",
                "name": "Silica",
                "icon_identifier": "frk_silica",
                "input_data": {
                    "_base_sand": {
                        "amount": 5,
                        "percentage_str": "1"
                    }
                },
                "output_data": {
                    "_frk_silica": {
                        "amount": 5,
                        "percentage_str": "1"
                    }
                },
                "inputElemental_data": {
                    "_base_water": {
                        "amount_str": "10"
                    }
                },
                "outputElemental_data": {
                    "_base_waste_gas": {
                        "amount_str": "10"
                    }
                },
                "timeMs": 3000,
                "tags": [
                    "distillation_column"
                ],
                "extraInfoTooltipText": "Make Silica from sand and water"
            },
            "_frk_sand_glass": {
                "__template": "_base_glass",
                "name": "Glass (Sand)",
                "icon_identifier": "glass",
                "input_data": {
                    "_base_sand": {
                        "amount": 3,
                        "percentage_str": "1"
                    }
                },
                "output_data": {
                    "_base_glass": {
                        "amount": 2,
                        "percentage_str": "1"
                    }
                },
                "timeMs": 5000,
                "tags": [
                    "casting_machine"
                ],
                "extraInfoTooltipText": "Glass from sand"
            },
            "_frk_silica_glass": {
                "__template": "_base_glass",
                "name": "Glass (Silica)",
                "icon_identifier": "glass",
                "input_data": {
                    "_frk_silica": {
                        "amount": 1,
                        "percentage_str": "1"
                    }
                },
                "output_data": {
                    "_base_glass": {
                        "amount": 1,
                        "percentage_str": "1"
                    }
                },
                "timeMs": 3000,
                "tags": [
                    "smelter",
                    "advanced_smelter"
                ],
                "extraInfoTooltipText": "Glass made from Silica"
            },
            "_frk_water": {
                "__template": "_base_basic_refining_ldo",
                "name": "Clean Water",
                "icon_identifier": "water",
                "input_data": {
                    "_base_sand": {
                        "amount": 5,
                        "percentage_str": "1"
                    },
                    "_base_gravel": {
                        "amount": 5,
                        "percentage_str": "1"
                    }
                },
                "output_data": {
                    "_base_gravel": {
                        "amount": 5,
                        "percentage_str": "1"
                    },
                    "_base_dirt":{
                        "amount": 5,
                        "percentage_str": "0.9"
                    }
                },
                "inputElemental_data": {
                    "_frk_dirty_water": {
                        "amount_str": "100"
                    }
                },
                "outputElemental_data": {
                    "_base_water": {
                        "amount_str": "100"
                    }
                },
                "timeMs": 5000,
                "tags": [
                    "distillation_column"
                ],
                "extraInfoTooltipText": "Clean dirty water - Gravel doesn't deplete"
            },
            "_frk_stone_recipe": {
                "__template": "_base_cement",
                "name": "Stone Block",
                "icon_identifier": "stone",
                "input_data": {
                    "_base_gravel": {
                        "amount": 10,
                        "percentage_str": "1"
                    }
                },
                "output_data": {
                    "_base_stone": {
                        "amount": 1,
                        "percentage_str": "1"
                    }
                },
                "timeMs": 2000,
                "tags": [
                    "crusher"
                ],
                "relatedItemTemplateIdentifier": "_base_stone",
                "extraInfoTooltipText": "Make stone blocks from gravel"
            },
            "_frk_dirt_recipe": {
                "__template": "_base_cement",
                "name": "Dirt Block",
                "icon_identifier": "dirt",
                "input_data": {
                    "_base_sand": {
                        "amount": 5,
                        "percentage_str": "1"
                    },
                    "_base_biomass": {
                        "amount": 5,
                        "percentage_str": "1"
                    }
                },
                "output_data": {
                    "_base_dirt": {
                        "amount": 3,
                        "percentage_str": "1"
                    }
                },
                "timeMs": 2000,
                "tags": [
                    "crusher"
                ],
                "relatedItemTemplateIdentifier": "_base_dirt",
                "extraInfoTooltipText": "Make dirt blocks from biomass and sand"
            },
            "_frk_tropical_dirt_recipe": {
                "__template": "_base_cement",
                "name": "Tropical Dirt Block",
                "icon_identifier": "tropical_rainforest_dirt",
                "input_data": {
                    "_base_dirt": {
                        "amount": 5,
                        "percentage_str": "1"
                    },
                    "_base_biomass": {
                        "amount": 5,
                        "percentage_str": "1"
                    }
                },
                "output_data": {
                    "_base_tropical_rainforest_dirt": {
                        "amount": 7,
                        "percentage_str": "1"
                    }
                },
                "timeMs": 2000,
                "tags": [
                    "crusher"
                ],
                "relatedItemTemplateIdentifier": "_base_tropical_rainforest_dirt",
                "extraInfoTooltipText": "Make tropical dirt from dirt and biomass"
            },
            "_frk_rocky_dirt_recipe": {
                "__template": "_base_cement",
                "name": "Rocky Desert Dirt Block",
                "icon_identifier": "rocky_desert_dirt",
                "input_data": {
                    "_base_dirt": {
                        "amount": 5,
                        "percentage_str": "1"
                    },
                    "_base_stone": {
                        "amount": 5,
                        "percentage_str": "1"
                    }
                },
                "output_data": {
                    "_base_rocky_desert_dirt": {
                        "amount": 7,
                        "percentage_str": "1"
                    }
                },
                "timeMs": 2000,
                "tags": [
                    "crusher"
                ],
                "relatedItemTemplateIdentifier": "_base_rocky_desert_dirt",
                "extraInfoTooltipText": "Make rocky dirt from dirt and stone"
            }
        },
        "items": {
            "_portable_dirty_water": {
                "name": "Portable Dirty Water",
                "__template": "_base_portable_fuel",
                "flags": "0",
                "icon_identifier": "frk_portable_dirty_water",
                "__conveyorItemTexture": "frk_dirty_water"
            },
            "_frk_silica": {
                "name": "Silica",
                "__template": "_base_cement",
                "flags": "0",
                "__conveyorItemTexture": "frk_silica",
                "icon_identifier": "frk_silica",
                "autoProducerRecipes": [{
                        "craftingTagIdentifier": "smelter",
                        "recipeIdentifier": "_frk_silica_glass",
                    }, {
                        "craftingTagIdentifier": "advanced_smelter",
                        "recipeIdentifier": "_frk_silica_glass",
                    }
                ]
            }
        },
        "research": {
            "_frk_useful_terrain": {
                "__template": "_base_concrete_production",
                "name": "Useful Terrain",
                "icon_identifier": "frk_useful_terrain",
                "description": "Unlocks the ability to process terrain blocks into something useful",
                "input_data": {
                    "_base_science_pack_i": {
                        "amount": 50
                    },
                    "_base_science_pack_ii": {
                        "amount": 50
                    }
                },
                "list_researchDependencies_str": [
                    "_base_concrete_production",
                    "_base_basic_steelmaking",
                    "_base_basic_olumite_processing"
                ],
                "list_craftingUnlocks_str": [
                    "_frk_stone_gravel",
                    "_frk_rocky_dirt_processing",
                    "_frk_terrain_biomass",
                    "_frk_terrain_biomass_tropical",
                    "_frk_portable_dirty_water",
                    "_frk_portable_dirty_water_empty",
                    "_frk_water"
                ]
            },
            "_frk_craftable_terrain": {
                "__template": "_base_concrete_production",
                "name": "Craftable Terrain",
                "icon_identifier": "frk_craftable_terrain",
                "description": "Unlocks the ability to convert terrain blocks.",
                "input_data": {
                    "_base_science_pack_i": {
                        "amount": 50
                    },
                    "_base_science_pack_ii": {
                        "amount": 50
                    }
                },
                "list_researchDependcies_str": [
                    "_base_basic_steelmaking"
                ],
                "list_craftingUnlocks_str": [
                    "_frk_dirt_recipe",
                    "_frk_fine_sand",
                    "_frk_fine_sand_2",
                    "_frk_rocky_dirt_recipe",
                    "_frk_stone_recipe",
                    "_frk_tropical_dirt_recipe"
                ]
            }
        }
    },
    "changes": {
        "recipes": {
            "_base_glass": {
                "list_craftingUnlocks_str": [
                    "_base_glass",
                    "_frk_sand_glass",
                    "_frk_silica_glass"
                ]
            },
            "_base_biomass": {
                "input_data": {
                    "_base_biomass":{
                        "amount": 3,
                        "percentage_str": "1"
                    },
                    "_base_ore_mineral_rock":{
                        "amount": 1,
                        "percentage_str": "1"
                    }
                },
                "output_data":{
                    "_base_biomass":{
                        "amount": 5,
                        "percentage_str": "1"
                    }
                },
                "outputElemental_data": {
                    "_frk_dirty_water": {
                        "amount_str": "200"
                    }
                }
            },
            "_base_boreal_forest_seed_plants": {
                "outputElemental_data": {
                    "_frk_dirty_water": {
                        "amount_str": "200"
                    }
                }
            },
            "_base_boreal_forest_seed_trees": {
                "outputElemental_data": {
                    "_frk_dirty_water": {
                        "amount_str": "200"
                    }
                }
            },
            "_base_rocky_desert_seed_plants": {
                "outputElemental_data": {
                    "_frk_dirty_water": {
                        "amount_str": "200"
                    }
                }
            },
            "_base_rocky_desert_seed_trees": {
                "outputElemental_data": {
                    "_frk_dirty_water": {
                        "amount_str": "200"
                    }
                }
            },
            "_base_sandy_desert_seed_plants": {
                "outputElemental_data": {
                    "_frk_dirty_water": {
                        "amount_str": "200"
                    }
                }
            },
            "_base_sandy_desert_seed_trees": {
                "outputElemental_data": {
                    "_frk_dirty_water": {
                        "amount_str": "200"
                    }
                }
            },
            "_base_tropical_rainforest_seed_plants": {
                "outputElemental_data": {
                    "_frk_dirty_water": {
                        "amount_str": "200"
                    }
                }
            },
            "_base_tropical_rainforest_seed_trees": {
                "outputElemental_data": {
                    "_frk_dirty_water": {
                        "amount_str": "200"
                    }
                }
            }
        },
        "buildings": {
            "_base_greenhouse_i": {
                "prefabOnDisk": {
                    "__fluidBoxManager": {
                        "ioFluidBoxContainers": [
                            [
                                "FilterControlPanel_IOFluidBox_NoButton (3)"
                            ],
                            [
                                "FilterControlPanel_IOFluidBox_NoButton (2)"
                            ],
                            [
                                "FilterControlPanel_IOFluidBox_NoButton (1)"
                            ],
                            [
                                "FilterControlPanel_IOFluidBox_NoButton"
                            ]
                        ]
                    }
                },
                "fbm_ioFluidBoxes": [{
                        "type": "Generic",
                        "transferSpeedType": "CustomCB",
                        "isInput": true,
                        "capacity_l": 250,
                        "transferRatePerSecond_l": 250,
                        "fixedElementTemplateIdentifier": "",
                        "connectors": [{
                                "groupIdentifier": "_base_pipe",
                                "localOffset_origin": {
                                    "x": 1,
                                    "y": 3,
                                    "z": 0
                                },
                                "localOffset_target": {
                                    "x": 1,
                                    "y": 3,
                                    "z": -1
                                }
                            }
                        ]
                    }, {
                        "type": "Generic",
                        "transferSpeedType": "CustomCB",
                        "isInput": true,
                        "capacity_l": 250,
                        "transferRatePerSecond_l": 250,
                        "fixedElementTemplateIdentifier": "",
                        "connectors": [{
                                "groupIdentifier": "_base_pipe",
                                "localOffset_origin": {
                                    "x": 3,
                                    "y": 3,
                                    "z": 0
                                },
                                "localOffset_target": {
                                    "x": 3,
                                    "y": 3,
                                    "z": -1
                                }
                            }
                        ]
                    }, {
                        "type": "Generic",
                        "transferSpeedType": "CustomCB",
                        "isInput": false,
                        "capacity_l": 250,
                        "transferRatePerSecond_l": 250,
                        "fixedElementTemplateIdentifier": "",
                        "connectors": [{
                                "groupIdentifier": "_base_pipe",
                                "localOffset_origin": {
                                    "x": 1,
                                    "y": 3,
                                    "z": 6
                                },
                                "localOffset_target": {
                                    "x": 1,
                                    "y": 3,
                                    "z": 7
                                }
                            }
                        ]
                    }, {
                        "type": "Generic",
                        "transferSpeedType": "CustomCB",
                        "isInput": false,
                        "capacity_l": 250,
                        "transferRatePerSecond_l": 250,
                        "fixedElementTemplateIdentifier": "",
                        "connectors": [{
                                "groupIdentifier": "_base_pipe",
                                "localOffset_origin": {
                                    "x": 3,
                                    "y": 3,
                                    "z": 6
                                },
                                "localOffset_target": {
                                    "x": 3,
                                    "y": 3,
                                    "z": 7
                                }
                            }
                        ]
                    }
                ]
            }
        },
        "items": {
            "_base_sand": {
                "autoProducerRecipes": [{
                        "craftingTagIdentifier": "smelter",
                        "recipeIdentifier": "_frk_sand_glass",
                        "craftingRecipe": null,
                        "craftingTag": null
                    }, {
                        "craftingTagIdentifier": "advanced_smelter",
                        "recipeIdentifier": "_frk_sand_glass",
                        "craftingRecipe": null,
                        "craftingTag": null
                    }
                ]
            }
        },
        "terrain": {
            "_base_sand*": {
                "movementSpeedModifier": 0.8
            },
            "_base_savanna*": {
                "movementSpeedModifier": 0.8
            },
            "_base_temperate*": {
                "movementSpeedModifier": 0.8
            },
            "_base_tundra*": {
                "movementSpeedModifier": 0.8
            },
            "_base_boreal*": {
                "movementSpeedModifier": 0.9
            },
            "_base_grass*": {
                "movementSpeedModifier": 0.9
            },
            "_base_forest*": {
                "movementSpeedModifier": 0.9
            },
            "_base_shrubland*": {
                "movementSpeedModifier": 0.9
            },
            "_base_tropical*": {
                "movementSpeedModifier": 0.9
            },
            "_base_rock_*": {
                "movementSpeedModifier": 1.1
            },
            "_base_bedrock": {
                "movementSpeedModifier": 1.1
            },
            "_base_marble*": {
                "movementSpeedModifier": 1.3
            }
        }
    }
}
