{
    "_meta": {
        "author": "FreakUK",
        "name": "FRK_SciencePack_Recolour",
        "description": "Alters the colours of the science packs, to fit in with the game progression colours.",
        "date": "2024-06-18",
        "version": "1"
    },
    "changes": {
        "items": {
            "_base_science_pack_i": {
                "icon_identifier": "frk_science_pack_i",
                "__conveyorItemTexture": "frk_science_pack_i",
                "sciencePack_color": {
                    "r": 1,
                    "g": 0,
                    "b": 0,
                    "a": 1
                }
            },
            "_base_science_pack_ii": {
                "icon_identifier": "frk_science_pack_ii",
                "__conveyorItemTexture": "frk_science_pack_ii",
                "sciencePack_color": {
                    "r": 1,
                    "g": 1,
                    "b": 0,
                    "a": 1
                }
            },
            "_base_science_pack_iii": {
                "icon_identifier": "frk_science_pack_iii",
                "__conveyorItemTexture": "frk_science_pack_iii",
                "sciencePack_color": {
                    "r": 0,
                    "g": 1,
                    "b": 0,
                    "a": 1
                }
            },
            "_base_science_pack_iv": {
                "icon_identifier": "frk_science_pack_iv",
                "__conveyorItemTexture": "frk_science_pack_iv",
                "sciencePack_color": {
                    "r": 0,
                    "g": 0,
                    "b": 1,
                    "a": 1
                }
            },
            "_base_science_pack_v": {
                "icon_identifier": "frk_science_pack_v",
                "__conveyorItemTexture": "frk_science_pack_v",
                "sciencePack_color": {
                    "r": 0.851,
                    "g": 0.031,
                    "b": 0.847,
                    "a": 1
                }
            }
        }
    }
}
